Workbook

Sheet Summary
A1: 01/01/2024 - 31/05/2024 | B1: Period Quantity | C1: Number of Months | D1: Quantity per Month | E1: Fee per Ton | F1: Fee Payable
A2: Liquibox | B2: ='Liqui Box - Usage 2024'!B4 -> 69988 | C2: 5 | D2: =B2/C2 -> 13997.6 | E2: 750 | F2: =Table15[[#This Row],[Period Quantity]]*Table15[[#This Row],[Fee per Ton]]/1000 -> 52491
A3: MTech | B3: ='MTech - Usage 2024'!B4 -> 46 | C3: 5 | D3: =B3/C3 -> 9.2 | E3: 750 | F3: =Table15[[#This Row],[Period Quantity]]*Table15[[#This Row],[Fee per Ton]]/1000 -> 34.5
A4: Didget | B4: 718 | C4: 5 | D4: =B4/C4 -> 143.6 | E4: 750 | F4: =Table15[[#This Row],[Period Quantity]]*Table15[[#This Row],[Fee per Ton]]/1000 -> 538.5
B5: =SUM(B2:B4) -> 70752 | D5: =SUM(D2:D4) -> 14150.4 | F5: =SUM(F2:F4) -> 53064
A7: 01/01/2023 - 31/12/2023 | B7: Period Quantity | C7: Number of Months | D7: Quantity per Month | E7: Fee per Ton | F7: Fee Payable
A8: Liquibox | B8: ='Liqui Box - Usage 2023'!B4 -> 222835.5 | C8: 12 | D8: =B8/C8 -> 18569.625 | E8: 750 | F8: =Table1[[#This Row],[Period Quantity]]*Table1[[#This Row],[Fee per Ton]]/1000 -> 167126.62
A9: MTech | B9: ='MTech - Usage 2023'!B4 -> -3228.5 | C9: 12 | D9: =B9/C9 -> -269.04167 | E9: 750 | F9: =Table1[[#This Row],[Period Quantity]]*Table1[[#This Row],[Fee per Ton]]/1000 -> -2421.375
A10: Didget | B10: 2123 | C10: 12 | D10: =B10/C10 -> 176.91667 | E10: 750 | F10: =Table1[[#This Row],[Period Quantity]]*Table1[[#This Row],[Fee per Ton]]/1000 -> 1592.25
B11: =SUM(B8:B10) -> 221730 | D11: =SUM(D8:D10) -> 18477.5 | F11: =SUM(F8:F10) -> 166297.5
A14: 01/01/2022 - 31/12/2022 | B14: Period Quantity | C14: Number of Months | D14: Quantity per Month | E14: Fee per Ton | F14: Fee Payable
A15: Liquibox | B15: ='Liqui Box - Usage 2022'!B4 -> 192386.92 | C15: 12 | D15: =B15/C15 -> 16032.243 | E15: 750 | F15: =Table14[[#This Row],[Period Quantity]]*Table14[[#This Row],[Fee per Ton]]/1000 -> 144290.19
A16: MTech | B16: ='MTech - Usage 2022'!B4 -> 84720 | C16: 12 | D16: =B16/C16 -> 7060 | E16: 750 | F16: =Table14[[#This Row],[Period Quantity]]*Table14[[#This Row],[Fee per Ton]]/1000 -> 63540
A17: Didget | B17: 1793 | C17: 12 | D17: =B17/C17 -> 149.41667 | E17: 750 | F17: =Table14[[#This Row],[Period Quantity]]*Table14[[#This Row],[Fee per Ton]]/1000 -> 1344.75
B18: =SUM(B15:B17) -> 278899.92 | D18: =SUM(D15:D17) -> 23241.66 | F18: =SUM(F15:F17) -> 209174.94
B20: =SUM(B5,B11,B18) -> 571381.92
A21: Kangopak Internal Inititive | B21: Period Cost | C21: Number of Months | D21: Column3 | E21: Cost per Month | F21: Total Cost
A22: Waste Control - 2022 | B22: 103167.8 | C22: 12 | E22: =Table13[[#This Row],[Period Cost]]/Table13[[#This Row],[Number of Months]] -> 8597.3167 | F22: =Table13[[#This Row],[Period Cost]] -> 103167.8
A23: Waste Control - 2023 | B23: 103689.48 | C23: 12 | E23: =Table13[[#This Row],[Period Cost]]/Table13[[#This Row],[Number of Months]] -> 8640.79 | F23: =Table13[[#This Row],[Period Cost]] -> 103689.48
A24: Waste Control - 2024 | B24: 56859.606 | C24: 5 | E24: =Table13[[#This Row],[Period Cost]]/Table13[[#This Row],[Number of Months]] -> 11371.921 | F24: =Table13[[#This Row],[Period Cost]] -> 56859.606
B25: =SUM(B22:B24) -> 263716.89 | F25: =SUM(F22:F24) -> 263716.89
A28: Total Material Bought | B28: =SUM('Liqui Box - Usage 2024'!B1,'Liqui Box - Usage 2023'!B1,'MTech - Usage 2024'!B1,'MTech - Usage 2023'!B1) -> 486745

Sheet Liqui Box - Usage 2024
A1: Total Sourced - 2024 | B1: =SUM(B34,B39,B42,B52,B55,B59,B71,B82,B90,B94,B159,B162,B167,B189) -> 101936.5
A2: EPR Charged Quantity | B2: 0
A3: Export Material - 2024 | B3: =-B189 -> -31948.5
A4: Billable Quantity - | B4: =SUM(B1:B3) -> 69988
A6: Prepared by: Kangopak
A7: Purchase Items per Supplier : 01-01-2024 to 31-05-2024
B8: Doc No | C8: Date | D8: Qty | E8: Unit Cost | F8: Total
A9: Supplier : LIQ001 - Liqui-Box (Pty) Ltd
A10: Item : 2000/000 - Cost of Sales
B11: PNA22905 | C11: 09-02-2024 | F11: 4.05
A12: Total for Item : 2000/000 | D12: 4.05
A13: Item : 3560/000 - Rounding
B14: PNA23023 | C14: 19-03-2024 | F14: 0.005
B15: PNA23050 | C15: 19-04-2024 | F15: 0.003
B16: PNA23079 | C16: 29-04-2024 | F16: -0.001
B17: PNA23081 | C17: 06-05-2024 | F17: -0.001
B18: PNA23083 | C18: 06-05-2024 | F18: 0.002
B19: PNA23089 | C19: 03-04-2024 | F19: 0.01
B20: PNA23090 | C20: 03-04-2024 | F20: -0.005
B21: PNA23107 | C21: 06-05-2024 | F21: -0.004
B22: PNA23108 | C22: 14-05-2024 | F22: 0.005
B23: PNA23109 | C23: 20-05-2024 | F23: 0.005
B24: PNA23129 | C24: 30-05-2024 | F24: 0.005
B25: PNA23154 | C25: 23-05-2024 | F25: 0.009
B26: PCA10552 | C26: 25-04-2024 | F26: -0.004
A27: Total for Item : 3560/000 | D27: 0.029
A28: Item : 4350/000 - Repairs & Maintenance
B29: PNA23051 | C29: 22-04-2024 | F29: -0.001
B30: PNA23052 | C30: 22-04-2024 | F30: 0.002
A31: Total for Item : 4350/000 | D31: 0.001
A32: Item : ALS52 - Anlam 52mic Parent Reel 1290mm
B33: PNA23129 | C33: 30-05-2024 | D33: 510 | E33: 90.62 | F33: 46216.2
A34: Total for Item : ALS52 | B34: 510 | C34: 90.62 | D34: 46216.2
A35: Item : ALS85 - ALS 85mic Enabled 1290mm Parent Reel
B36: PNA22846 | C36: 29-01-2024 | D36: 1183 | E36: 90.93 | F36: 107570.19
B37: PNA22903 | C37: 07-02-2024 | D37: 1228 | E37: 90.93 | F37: 111662.04
B38: PNA23107 | C38: 06-05-2024 | D38: 1752 | E38: 90.93 | F38: 159309.36
A39: Total for Item : ALS85 | B39: 4163 | C39: 90.93 | D39: 378541.59
A40: Item : ANLAM110 - ALS110 Unenabled Parent Reel 1290mm
B41: PNA23079 | C41: 29-04-2024 | D41: 2131 | E41: 74.92 | F41: 159654.52
A42: Total for Item : ANLAM110 | B42: 2131 | C42: 74.92 | D42: 159654.52
A43: Item : CBP130 - CBP 130mic Enable Parent Reel 1290mm
B44: PNA22810 | C44: 17-01-2024 | D44: 575 | E44: 91.44 | F44: 52578
B45: PNA22860 | C45: 31-01-2024 | D45: 2452 | E45: 91.44 | F45: 224210.88
B46: PNA22912 | C46: 20-02-2024 | D46: 1305 | E46: 91.44 | F46: 119329.2
B47: PNA22943 | C47: 28-02-2024 | D47: 343 | E47: 91.44 | F47: 31363.92
B48: PNA22948 | C48: 23-02-2024 | D48: 1582 | E48: 91.44 | F48: 144658.08
B49: PNA22976 | C49: 12-03-2024 | D49: 2303 | E49: 91.44 | F49: 210586.32
B50: PNA22977 | C50: 13-03-2024 | D50: 1785 | E50: 91.44 | F50: 163220.4
B51: PNA23051 | C51: 22-04-2024 | D51: 3023 | E51: 91.44 | F51: 276423.12
A52: Total for Item : CBP130 | B52: 13368 | C52: 91.44 | D52: 1222369.9
A53: Item : CBP52 - CBP 52mic Enabled 1290mm Parent Reel
B54: PNA22844 | C54: 29-01-2024 | D54: 1240 | E54: 102.76 | F54: 127422.4
A55: Total for Item : CBP52 | B55: 1240 | C55: 102.76 | D55: 127422.4
A56: Item : CBP85 - CBP 85mic Enabled 1290mm Parent Reel
B57: PNA22843 | C57: 29-01-2024 | D57: 2197 | E57: 99.45 | F57: 218491.65
B58: PNA22900 | C58: 07-02-2024 | D58: 2426 | E58: 99.45 | F58: 241265.7
A59: Total for Item : CBP85 | B59: 4623 | C59: 99.45 | D59: 459757.35
A60: Item : CPL160 - CPL160 Unenabled Parent Reel 1290mm
B61: PNA22809 | C61: 17-01-2024 | D61: 1802 | E61: 70.15 | F61: 126410.3
B62: PNA22859 | C62: 30-01-2024 | D62: 1964 | E62: 70.15 | F62: 137774.6
B63: PNA22898 | C63: 02-02-2024 | D63: 853 | E63: 70.15 | F63: 59837.95
B64: PNA22905 | C64: 09-02-2024 | D64: 2830 | E64: 70.15 | F64: 198524.5
B65: PNA22913 | C65: 20-02-2024 | D65: 2673 | E65: 70.15 | F65: 187510.95
B66: PNA22942 | C66: 28-02-2024 | D66: 3594 | E66: 70.15 | F66: 252119.1
B67: PNA23081 | C67: 06-05-2024 | D67: 1783 | E67: 70.15 | F67: 125077.45
B68: PNA23084 | C68: 13-05-2024 | D68: 652 | E68: 70.15 | F68: 45737.8
B69: PNA23089 | C69: 03-04-2024 | D69: 2550 | E69: 70.15 | F69: 178882.5
B70: PNA23108 | C70: 14-05-2024 | D70: 938 | E70: 70.15 | F70: 65800.7
A71: Total for Item : CPL160 | B71: 19639 | C71: 70.15 | D71: 1377675.9
A72: Item : CPL52 - CPL52mic Enabled Parent Reel 1290mm
B73: PNA23052 | C73: 22-04-2024 | D73: 793 | E73: 87.21 | F73: 69157.53
B74: PNA23082 | C74: 06-05-2024 | D74: 792 | E74: 84.21 | F74: 66694.32
A75: Total for Item : CPL52 | B75: 1585 | C75: 85.710946 | D75: 135851.85
A76: Item : CPL85 - CPL 85mic Enabled Parent Reel 1290mm
B77: PNA22845 | C77: 29-01-2024 | D77: 1584 | E77: 87.04 | F77: 137871.36
B78: PNA22902 | C78: 07-02-2024 | D78: 1716 | E78: 87.04 | F78: 149360.64
B79: PNA23083 | C79: 06-05-2024 | D79: 1128 | E79: 87.04 | F79: 98181.12
B80: PNA23090 | C80: 03-04-2024 | D80: 1627 | E80: 87.04 | F80: 141614.08
B81: PNA23109 | C81: 20-05-2024 | D81: 510 | E81: 87.04 | F81: 44390.4
A82: Total for Item : CPL85 | B82: 6565 | C82: 87.04 | D82: 571417.6
A83: Item : EWPL160 - WPL 160mic Enabled 1290mm Parent Reel
B84: PNA22841 | C84: 24-01-2024 | D84: 662 | E84: 83.42 | F84: 55224.04
B85: PNA22901 | C85: 07-02-2024 | D85: 1138 | E85: 83.42 | F85: 94931.96
B86: PNA22904 | C86: 09-02-2024 | D86: 210 | E86: 83.42 | F86: 17518.2
B87: PNA22909 | C87: 19-02-2024 | D87: 2114 | E87: 83.42 | F87: 176349.88
B88: PNA23017 | C88: 28-03-2024 | D88: 2711 | E88: 83.42 | F88: 226151.62
B89: PNA23080 | C89: 30-04-2024 | D89: 1680 | E89: 83.42 | F89: 140145.6
A90: Total for Item : EWPL160 | B90: 8515 | C90: 83.42 | D90: 710321.3
A91: Item : FHC001 - Freddy Hirsch 100mic Front Panel
B92: PNA22975 | C92: 12-03-2024 | D92: 2603 | E92: 75.64 | F92: 196890.92
B93: PNA23154 | C93: 23-05-2024 | D93: 2426 | E93: 75.64 | F93: 183502.64
A94: Total for Item : FHC001 | B94: 5029 | C94: 75.64 | D94: 380393.56
A95: Item : FRE001 - Freight Charges
B96: PNA22809 | C96: 17-01-2024 | D96: 1802 | E96: 0.45 | F96: 810.9
B97: PNA22810 | C97: 17-01-2024 | D97: 575 | E97: 0.45 | F97: 258.75
B98: PNA22811 | C98: 17-01-2024 | D98: 1355 | E98: 0.45 | F98: 609.75
B99: PNA22841 | C99: 24-01-2024 | D99: 662 | E99: 0.45 | F99: 297.9
B100: PNA22842 | C100: 25-01-2024 | D100: 2290 | E100: 0.45 | F100: 1030.5
B101: PNA22843 | C101: 29-01-2024 | D101: 2197 | E101: 0.45 | F101: 988.65
...

Sheet Liqui Box - Usage 2023
A1: Total Sourced - 2023 | B1: =SUM(B17,B30,B36,B52,B61,B75,B82,B95,B100,B108,B139,B143,B150,B161,B176,B284,B287,B290,B295,B320,B323) -> 286703
A2: EPR Charged Quantity | B2: 0
A3: Export Material - 2023 | B3: =-B320 -> -63867.5
A4: Billable Quantity - | B4: =SUM(B1:B3) -> 222835.5
A6: Prepared by: Kangopak
A7: Purchase Items per Supplier : 01-01-2023 to 31-12-2023
B8: Doc No | C8: Date | D8: Qty | E8: Unit Cost | F8: Total
A9: Supplier : LIQ001 - Liqui-Box (Pty) Ltd
A10: Item : 2000/000 - Cost of Sales
B11: PNA22344 | C11: 07-06-2023 | F11: 362.25
B12: PNA22544 | C12: 11-07-2023 | F12: 762.7
B13: PNA22545 | C13: 11-07-2023 | F13: 361.81
A14: Total for Item : 2000/000 | D14: 1486.76
A15: Item : ALS85 - ALS 85mic Enabled 1290mm Parent Reel
B16: PNA22797 | C16: 08-12-2023 | D16: 1491 | E16: 90.93 | F16: 135576.63
A17: Total for Item : ALS85 | B17: 1491 | C17: 90.93 | D17: 135576.63
A18: Item : ANLAM110 - ALS110 Unenabled Parent Reel 1290mm
B19: PNA22075 | C19: 26-01-2023 | D19: 1123 | E19: 74.92 | F19: 84135.16
B20: PNA22108 | C20: 16-02-2023 | D20: 537.5 | E20: 74.92 | F20: 40269.5
B21: PNA22189 | C21: 27-03-2023 | D21: 1557 | E21: 74.92 | F21: 116650.44
B22: PNA22241 | C22: 17-04-2023 | D22: 1167 | E22: 74.92 | F22: 87431.64
B23: PNA22244 | C23: 18-04-2023 | D23: 2742 | E23: 74.92 | F23: 205430.64
B24: PNA22350 | C24: 19-06-2023 | D24: 1362 | E24: 74.92 | F24: 102041.04
B25: PNA22403 | C25: 17-07-2023 | D25: 1166 | E25: 74.92 | F25: 87356.72
B26: PNA22436 | C26: 08-08-2023 | D26: 601 | E26: 74.92 | F26: 45026.92
B27: PNA22597 | C27: 12-10-2023 | D27: 1775 | E27: 74.92 | F27: 132983
B28: PNA22742 | C28: 17-11-2023 | D28: 1256 | E28: 74.92 | F28: 94099.52
B29: PCA10517 | C29: 11-08-2023 | D29: -218.5 | E29: 74.92 | F29: -16370.02
A30: Total for Item : ANLAM110 | B30: 13068 | C30: 74.92 | D30: 979054.56
A31: Item : ANLAM62 - ALS62 Unenabled Parent Reel 1290mm
B32: PNA22264 | C32: 10-05-2023 | D32: 292 | E32: 78.27 | F32: 22854.84
B33: PNA22345 | C33: 07-06-2023 | D33: 226 | E33: 78.27 | F33: 17689.02
B34: PNA22655 | C34: 20-10-2023 | D34: 442 | E34: 78.27 | F34: 34595.34
B35: PNA22743 | C35: 17-11-2023 | D35: 211 | E35: 78.27 | F35: 16514.97
A36: Total for Item : ANLAM62 | B36: 1171 | C36: 78.27 | D36: 91654.17
A37: Item : CBP110 - CBP110 Unenabled Parent Reel 1290mm
B38: PNA22095 | C38: 03-02-2023 | D38: 585 | E38: 78.86 | F38: 46133.1
B39: PNA22096 | C39: 04-02-2023 | D39: 328 | E39: 78.86 | F39: 25866.08
B40: PNA22097 | C40: 06-02-2023 | D40: 1240 | E40: 78.86 | F40: 97786.4
B41: PNA22098 | C41: 08-02-2023 | D41: 554 | E41: 78.86 | F41: 43688.44
B42: PNA22150 | C42: 20-02-2023 | D42: 1313 | E42: 78.86 | F42: 103543.18
B43: PNA22192 | C43: 31-03-2023 | D43: 968.5 | E43: 78.86 | F43: 76375.91
B44: PNA22194 | C44: 06-04-2023 | D44: 1067 | E44: 78.86 | F44: 84143.62
B45: PNA22238 | C45: 12-04-2023 | D45: 2844 | E45: 78.86 | F45: 224277.84
B46: PNA22348 | C46: 15-06-2023 | D46: 2802 | E46: 78.86 | F46: 220965.72
B47: PNA22369 | C47: 04-07-2023 | D47: 1117 | E47: 78.86 | F47: 88086.62
B48: PNA22501 | C48: 18-08-2023 | D48: 408 | E48: 78.86 | F48: 32174.88
B49: PNA22503 | C49: 29-08-2023 | D49: 2480 | E49: 78.86 | F49: 195572.8
... B51: PCA10502 | C51: 03-02-2023 | D51: -171.5 | E51: 78.86 | F51: -13524.49
A52: Total for Item : CBP110 | B52: 18340 | C52: 78.86 | D52: 1446292.4
A53: Item : CBP130 - CBP 130mic Enable Parent Reel 1290mm
B54: PNA22624 | C54: 16-10-2023 | D54: 5265 | E54: 91.44 | F54: 481431.6
B55: PNA22662 | C55: 03-11-2023 | D55: 843 | E55: 91.44 | F55: 77083.92
B56: PNA22736 | C56: 28-11-2023 | D56: 2811 | E56: 91.44 | F56: 257037.84
B57: PNA22799 | C57: 12-12-2023 | D57: 3332 | E57: 91.44 | F57: 304678.08
B58: PNA22800 | C58: 14-12-2023 | D58: 974 | E58: 91.44 | F58: 89062.56
B59: PNA22803 | C59: 19-12-2023 | D59: 288 | E59: 91.44 | F59: 26334.72
B60: PNA22804 | C60: 19-12-2023 | D60: 4243 | E60: 91.44 | F60: 387979.92
A61: Total for Item : CBP130 | B61: 17756 | C61: 91.44 | D61: 1623608.6
A62: Item : CBP160 - CBP160 Unenabled Parent Reel 1290mm
B63: PNA22099 | C63: 08-02-2023 | D63: 2223 | E63: 75.31 | F63: 167414.13
B64: PNA22112 | C64: 21-02-2023 | D64: 2017 | E64: 75.31 | F64: 151900.27
B65: PNA22186 | C65: 20-03-2023 | D65: 3175 | E65: 75.31 | F65: 239109.25
B66: PNA22187 | C66: 22-03-2023 | D66: 2557 | E66: 75.31 | F66: 192567.67
B67: PNA22188 | C67: 23-03-2023 | D67: 2417 | E67: 75.31 | F67: 182024.27
B68: PNA22191 | C68: 28-03-2023 | D68: 677 | E68: 75.31 | F68: 50984.87
B69: PNA22310 | C69: 31-05-2023 | D69: 5160 | E69: 75.31 | F69: 388599.6
B70: PNA22349 | C70: 19-06-2023 | D70: 952 | E70: 75.31 | F70: 71695.12
B71: PNA22351 | C71: 22-06-2023 | D71: 1961 | E71: 75.31 | F71: 147682.91
B72: PNA22437 | C72: 08-08-2023 | D72: 3226 | E72: 75.31 | F72: 242950.06
B73: PNA22505 | C73: 29-08-2023 | D73: 4996 | E73: 75.31 | F73: 376248.76
B74: PCA10519 | C74: 11-08-2023 | D74: -20 | E74: 75.31 | F74: -1506.2
A75: Total for Item : CBP160 | B75: 29341 | C75: 75.31 | D75: 2209670.7
A76: Item : CBP52 - CBP 52mic Enabled 1290mm Parent Reel
B77: PNA22532 | C77: 15-09-2023 | D77: 1164 | E77: 102.76 | F77: 119612.64
B78: PNA22596 | C78: 13-10-2023 | D78: 3219 | E78: 102.76 | F78: 330784.44
B79: PNA22737 | C79: 28-11-2023 | D79: 2278 | E79: 102.76 | F79: 234087.28
B80: PNA22739 | C80: 29-11-2023 | D80: 1612 | E80: 102.76 | F80: 165649.12
B81: PNA22795 | C81: 06-12-2023 | D81: 1202 | E81: 102.76 | F81: 123517.52
A82: Total for Item : CBP52 | B82: 9475 | C82: 102.76 | D82: 973651
A83: Item : CBP62 - CBP62 Unenabled Parent Reel 1290mm
B84: PNA22077 | C84: 26-01-2023 | D84: 1182 | E84: 87.21 | F84: 103082.22
B85: PNA22152 | C85: 20-02-2023 | D85: 1887 | E85: 87.21 | F85: 164565.27
B86: PNA22195 | C86: 06-04-2023 | D86: 1076 | E86: 87.21 | F86: 93837.96
B87: PNA22239 | C87: 12-04-2023 | D87: 1526 | E87: 87.21 | F87: 133082.46
B88: PNA22265 | C88: 12-05-2023 | D88: 931 | E88: 87.21 | F88: 81192.51
B89: PNA22346 | C89: 07-06-2023 | D89: 1362 | E89: 87.21 | F89: 118780.02
B90: PNA22368 | C90: 04-07-2023 | D90: 1126 | E90: 87.21 | F90: 98198.46
B91: PNA22435 | C91: 08-08-2023 | D91: 268 | E91: 87.21 | F91: 23372.28
B92: PNA22500 | C92: 18-08-2023 | D92: 1082 | E92: 87.21 | F92: 94361.22
B93: PNA22504 | C93: 29-08-2023 | D93: 1034 | E93: 87.21 | F93: 90175.14
B94: PCA10516 | C94: 11-08-2023 | D94: -48 | E94: 87.21 | F94: -4186.08
A95: Total for Item : CBP62 | B95: 11426 | C95: 87.21 | D95: 996461.46
A96: Item : CBP85 - CBP 85mic Enabled 1290mm Parent Reel
B97: PNA22653 | C97: 13-10-2023 | D97: 2008 | E97: 99.45 | F97: 199695.6
B98: PNA22798 | C98: 11-12-2023 | D98: 2428 | E98: 99.45 | F98: 241464.6
B99: PNA22802 | C99: 14-12-2023 | D99: 1576 | E99: 99.45 | F99: 156733.2
A100: Total for Item : CBP85 | B100: 6012 | C100: 99.45 | D100: 597893.4
A101: Item : CPL110 - CPL 110 Unenabled Parent Reel 1290mm
B102: PNA22072 | C102: 24-01-2023 | D102: 3057 | E102: 68.74 | F102: 210138.18
...

Sheet Liqui Box - Usage 2022
A1: Total Sourced - 2022 | B1: =SUM(B23,B48,B75,B96,B102,B109,B105,B125,B160,B164,B167,B173,B188,B191,B194,B197,B201,B209,B216,B212,B219,B225,B229,B236) -> 213080.42
A2: EPR Charged Quantity | B2: 0
A3: Export Material - PVNS160 - 2022 | B3: =-B209 -> -20693.5
A4: Billable Quantity - | B4: =SUM(B1:B3) -> 192386.92
A6: Prepared by: Kangopak
A7: Purchase Items per Supplier : 01-01-2022 to 31-12-2022
B8: Doc No | C8: Date | D8: Qty | E8: Unit Cost | F8: Total
A9: Supplier : LIQ001 - Liqui-Box (Pty) Ltd
A10: Item : 4350/000 - Repairs & Maintenance
B11: PNA21363 | C11: 25-02-2022 | F11: 2873
A12: Total for Item : 4350/000 | D12: 2873
A13: Item : ANLAM110 - ALS110 Unenabled Parent Reel 1290mm
B14: PNA21325 | C14: 23-02-2022 | D14: 717.5 | E14: 71.33 | F14: 51179.275
B15: PNA21407 | C15: 25-03-2022 | D15: 1568 | E15: 71.33 | F15: 111845.44
B16: PNA21477 | C16: 20-04-2022 | D16: 4638 | E16: 71.33 | F16: 330828.54
B17: PNA21756 | C17: 26-08-2022 | D17: 1122 | E17: 74.92 | F17: 84060.24
B18: PNA21805 | C18: 19-09-2022 | D18: 1232 | E18: 74.92 | F18: 92301.44
B19: PNA21846 | C19: 18-10-2022 | D19: 1123.5 | E19: 74.92 | F19: 84172.62
B20: PNA21965 | C20: 17-11-2022 | D20: 1081.5 | E20: 74.92 | F20: 81025.98
B21: PNA21972 | C21: 05-12-2022 | D21: 331 | E21: 74.92 | F21: 24798.52
B22: PNA21974 | C22: 06-12-2022 | D22: 534.5 | E22: 74.92 | F22: 40044.74
A23: Total for Item : ANLAM110 | B23: 12348 | C23: 72.907094 | D23: 900256.8
A24: Item : ANLAM62 - ALS62 Unenabled Parent Reel 1290mm
B25: PNA21478 | C25: 21-04-2022 | D25: 519.5 | E25: 75.07 | F25: 38998.865
B26: PNA21642 | C26: 21-07-2022 | D26: 597 | E26: 78.27 | F26: 46727.19
A27: Total for Item : ANLAM62 | B27: 1116.5 | C27: 76.781061 | D27: 85726.055
A28: Item : CARTSTOCK - Stock Carton
B29: PNA21919 | C29: 11-11-2022 | D29: 846 | E29: 12.37 | F29: 10465.02
A30: Total for Item : CARTSTOCK | B30: 846 | C30: 12.37 | D30: 10465.02
A31: Item : CBP110 - CBP110 Unenabled Parent Reel 1290mm
B32: PNA21225 | C32: 17-01-2022 | D32: 1825 | E32: 68.25 | F32: 124556.25
B33: PNA21270 | C33: 20-01-2022 | D33: 540 | E33: 68.25 | F33: 36855
B34: PNA21390 | C34: 08-03-2022 | D34: 2447 | E34: 75.43 | F34: 184577.21
B35: PNA21508 | C35: 25-04-2022 | D35: 1475 | E35: 78.86 | F35: 116318.5
B36: PNA21582 | C36: 20-06-2022 | D36: 2993 | E36: 78.86 | F36: 236027.98
B37: PNA21754 | C37: 25-08-2022 | D37: 2194 | E37: 78.86 | F37: 173018.84
B38: PNA21755 | C38: 26-08-2022 | D38: 534 | E38: 78.86 | F38: 42111.24
B39: PNA21762 | C39: 15-09-2022 | D39: 1353 | E39: 78.86 | F39: 106697.58
B40: PNA21764 | C40: 15-08-2022 | D40: 451.5 | E40: 78.86 | F40: 35605.29
B41: PNA21868 | C41: 25-10-2022 | D41: 3396.5 | E41: 78.86 | F41: 267847.99
B42: PNA21889 | C42: 31-10-2022 | D42: 549 | E42: 78.86 | F42: 43294.14
B43: PNA21969 | C43: 29-11-2022 | D43: 2039 | E43: 78.86 | F43: 160795.54
... B47: PCA10475 | C47: 12-08-2022 | D47: -137.5 | E47: 78.86 | F47: -10843.25
A48: Total for Item : CBP110 | B48: 19583 | C48: 77.146066 | D48: 1511641.2
A49: Item : CBP160 - CBP160 Unenabled Parent Reel 1290mm
B50: PNA21300 | C50: 07-02-2022 | D50: 5003 | E50: 64.68 | F50: 323594.04
B51: PNA21437 | C51: 04-04-2022 | D51: 9203 | E51: 64.68 | F51: 595250.04
B52: PNA21440 | C52: 05-04-2022 | D52: 1795 | E52: 64.68 | F52: 116100.6
B53: PNA21585 | C53: 20-06-2022 | D53: 1377 | E53: 75.31 | F53: 103701.87
B54: PNA21628 | C54: 06-07-2022 | D54: 4024 | E54: 75.31 | F54: 303047.44
B55: PNA21686 | C55: 03-08-2022 | D55: 3705.5 | E55: 75.31 | F55: 279061.21
B56: PNA21758 | C56: 12-09-2022 | D56: 2984 | E56: 75.31 | F56: 224725.04
B57: PNA21804 | C57: 22-09-2022 | D57: 1810 | E57: 75.31 | F57: 136311.1
B58: PNA21830 | C58: 13-10-2022 | D58: 2428 | E58: 75.31 | F58: 182852.68
B59: PNA21831 | C59: 14-10-2022 | D59: 3022 | E59: 75.31 | F59: 227586.82
B60: PNA21845 | C60: 18-10-2022 | D60: 2223 | E60: 75.31 | F60: 167414.13
B61: PNA21861 | C61: 25-10-2022 | D61: 2146 | E61: 75.31 | F61: 161615.26
... B74: PCA10489 | C74: 07-12-2022 | D74: -195.5 | E74: 75.31 | F74: -14723.105
A75: Total for Item : CBP160 | B75: 44964.1 | C75: 71.470812 | D75: 3227589.2
A76: Item : CBP62 - CBP62 Unenabled Parent Reel 1290mm
B77: PNA21272 | C77: 24-01-2022 | D77: 453 | E77: 76.93 | F77: 34849.29
B78: PNA21273 | C78: 25-01-2022 | D78: 741 | E78: 76.93 | F78: 57005.13
B79: PNA21274 | C79: 26-01-2022 | D79: 102 | E79: 76.93 | F79: 7846.86
B80: PNA21324 | C80: 22-02-2022 | D80: 595 | E80: 83.87 | F80: 49902.65
B81: PNA21438 | C81: 04-04-2022 | D81: 1840.5 | E81: 83.87 | F81: 154362.73
B82: PNA21534 | C82: 10-05-2022 | D82: 413 | E82: 87.21 | F82: 36017.73
B83: PNA21567 | C83: 03-06-2022 | D83: 346.5 | E83: 87.21 | F83: 30218.265
B84: PNA21567 | C84: 03-06-2022 | D84: 869.5 | E84: 87.21 | F84: 75829.095
B85: PNA21629 | C85: 07-07-2022 | D85: 1721 | E85: 75.31 | F85: 129608.51
B86: PNA21752 | C86: 18-08-2022 | D86: 414 | E86: 87.21 | F86: 36104.94
B87: PNA21753 | C87: 19-08-2022 | D87: 228 | E87: 87.21 | F87: 19883.88
B88: PNA21760 | C88: 15-09-2022 | D88: 873 | E88: 87.21 | F88: 76134.33
... B95: PNA21991 | C95: 21-12-2022 | D95: 1395 | E95: 87.21 | F95: 121657.95
A96: Total for Item : CBP62 | B96: 15340.5 | C96: 84.476233 | D96: 1295907.7
A97: Item : CNC001 - Crown National 110mic Front Pan Rev Prnt
B98: PNA21325 | C98: 23-02-2022 | D98: 1950 | E98: 75 | F98: 146250
B99: PNA21327 | C99: 25-02-2022 | D99: 68 | E99: 75 | F99: 5100
B100: PCA10456 | C100: 21-04-2022 | D100: -5.5 | E100: 75 | F100: -412.5
B101: PCA10461 | C101: 12-05-2022 | D101: -1498 | E101: 75 | F101: -112350
A102: Total for Item : CNC001 | B102: 514.5 | C102: 75 | D102: 38587.5
A103: Item : CNG001 - Crown National 110mic Gussets
B104: PCA10456 | C104: 21-04-2022 | D104: -19 | E104: 71.33 | F104: -1355.27
A105: Total for Item : CNG001 | B105: -19 | C105: 71.33 | D105: -1355.27
A106: Item : CNP001 - Crown National 110mic Back Pan Rev Print
B107: PNA21325 | C107: 23-02-2022 | D107: 2435 | E107: 75 | F107: 182625
B108: PCA10456 | C108: 21-04-2022 | D108: -36.5 | E108: 75 | F108: -2737.5
A109: Total for Item : CNP001 | B109: 2398.5 | C109: 75 | D109: 179887.5
A110: Item : CPL110 - CPL 110 Unenabled Parent Reel 1290mm
B111: PNA21434 | C111: 31-03-2022 | D111: 80 | E111: 62.86 | F111: 5028.8
B112: PNA21436 | C112: 26-03-2022 | D112: 1682 | E112: 62.86 | F112: 105730.52
B113: PNA21439 | C113: 05-04-2022 | D113: 1778 | E113: 62.86 | F113: 111765.08
B114: PNA21463 | C114: 21-04-2022 | D114: 1247.5 | E114: 62.86 | F114: 78417.85
B115: PNA21476 | C115: 20-04-2022 | D115: 3685 | E115: 69.15 | F115: 254817.75
B116: PNA21479 | C116: 21-04-2022 | D116: 216 | E116: 62.86 | F116: 13577.76
B117: PNA21643 | C117: 22-07-2022 | D117: 3011.5 | E117: 68.74 | F117: 207010.51
B118: PNA21799 | C118: 21-09-2022 | D118: 1961 | E118: 62.86 | F118: 123268.46
B119: PNA21826 | C119: 10-10-2022 | D119: 1392 | E119: 68.74 | F119: 95686.08
B120: PNA21828 | C120: 11-10-2022 | D120: 1841 | E120: 68.74 | F120: 126550.34
B121: PNA21976 | C121: 09-12-2022 | D121: 949 | E121: 68.74 | F121: 65234.26
B122: PCA10455 | C122: 26-04-2022 | D122: -3685 | E122: 6.29 | F122: -23178.65
...

Sheet MTech - Usage 2024
A1: Total Sourced - 2024 | B1: =SUM(B31,B38,B46,B90,B99,B107,B112,B115,B118,B121,B124,B127,B130,B133,B136) -> 37273
A2: EPR Charged Quantity | B2: =-B83 -> -37227
A3: Export Material - 2024 | B3: =-B209 -> 0
A4: Billable Quantity - | B4: =SUM(B1:B3) -> 46
A6: Prepared by: Kangopak
A7: Purchase Items per Supplier : 01-01-2024 to 31-05-2024
B8: Doc No | C8: Date | D8: Qty | E8: Unit Cost | F8: Total
A9: Supplier : MTE001 - Mtech SA (Pty) Ltd
A10: Item : 3560/000 - Rounding
B11: PNA23020 | C11: 26-03-2024 | F11: -0.003
B12: PNA23021 | C12: 28-03-2024 | F12: 0.024
B13: PNA23030 | C13: 05-04-2024 | F13: -0.004
B14: PNA23049 | C14: 10-04-2024 | F14: 0.002
B15: PNA23071 | C15: 29-04-2024 | F15: 0.007
B16: PNA23072 | C16: 29-04-2024 | F16: 0.007
B17: PNA23073 | C17: 29-04-2024 | F17: 0.019
B18: PNA23074 | C18: 02-05-2024 | F18: 0.006
B19: PNA23075 | C19: 06-05-2024 | F19: -0.021
B20: PNA23078 | C20: 10-05-2024 | F20: 0.023
B21: PNA23093 | C21: 13-05-2024 | F21: -0.011
B22: PCA10551 | C22: 10-04-2024 | F22: -0.002
A23: Total for Item : 3560/000 | D23: 0.047
A24: Item : CNC001 - Crown National 110mic Front Pan Rev Prnt
B25: PNA22840 | C25: 22-01-2024 | D25: 1017 | E25: 90.08 | F25: 91611.36
B26: PNA22872 | C26: 09-02-2024 | D26: 2562 | E26: 90.08 | F26: 230784.96
B27: PNA22877 | C27: 12-01-2024 | D27: 2413 | E27: 90.08 | F27: 217363.04
B28: PNA22950 | C28: 12-02-2024 | D28: 2413 | E28: 90.08 | F28: 217363.04
B29: PNA22960 | C29: 01-03-2024 | D29: 1622 | E29: 90.08 | F29: 146109.76
B30: PCA10545 | C30: 12-01-2024 | D30: -2413 | E30: 90.08 | F30: -217363.04
A31: Total for Item : CNC001 | B31: 7614 | C31: 90.08 | D31: 685869.12
A32: Item : CNG001 - Crown National 110mic Gussets
B33: PNA22840 | C33: 22-01-2024 | D33: 97 | E33: 75.31 | F33: 7305.07
B34: PNA22873 | C34: 09-02-2024 | D34: 943 | E34: 75.31 | F34: 71017.33
B35: PNA22879 | C35: 12-02-2024 | D35: 1078 | E35: 75.31 | F35: 81184.18
B36: PNA22962 | C36: 01-03-2024 | D36: 174 | E36: 75.31 | F36: 13103.94
B37: PNA22966 | C37: 04-03-2024 | D37: 360 | E37: 75.31 | F37: 27111.6
A38: Total for Item : CNG001 | B38: 2652 | C38: 75.31 | D38: 199722.12
A39: Item : CNP001 - Crown National 110mic Back Pan Rev Print
B40: PNA22840 | C40: 22-01-2024 | D40: 590 | E40: 93.58 | F40: 55212.2
B41: PNA22874 | C41: 09-02-2024 | D41: 2197 | E41: 93.58 | F41: 205595.26
B42: PNA22878 | C42: 12-02-2024 | D42: 3296 | E42: 93.58 | F42: 308439.68
B43: PNA22961 | C43: 01-03-2024 | D43: 844 | E43: 93.58 | F43: 78981.52
B44: PNA22967 | C44: 04-03-2024 | D44: 581 | E44: 93.58 | F44: 54369.98
B45: PNA23020 | C45: 26-03-2024 | D45: 734 | E45: 93.58 | F45: 68687.72
A46: Total for Item : CNP001 | B46: 8242 | C46: 93.58 | D46: 771286.36
A47: Item : EPR001 - EPR Fees - Input Charge
B48: PNA22807 | C48: 17-01-2024 | D48: 1681 | E48: 0.75 | F48: 1260.75
B49: PNA22808 | C49: 19-01-2024 | D49: 293 | E49: 0.75 | F49: 219.75
B50: PNA22840 | C50: 22-01-2024 | D50: 1704 | E50: 0.75 | F50: 1278
B51: PNA22848 | C51: 29-01-2024 | D51: 570 | E51: 0.75 | F51: 427.5
B52: PNA22870 | C52: 06-02-2024 | D52: 1154 | E52: 0.75 | F52: 865.5
B53: PNA22871 | C53: 07-02-2024 | D53: 1967 | E53: 0.75 | F53: 1475.25
B54: PNA22872 | C54: 09-02-2024 | D54: 2562 | E54: 0.75 | F54: 1921.5
B55: PNA22873 | C55: 09-02-2024 | D55: 943 | E55: 0.75 | F55: 707.25
B56: PNA22874 | C56: 09-02-2024 | D56: 2197 | E56: 0.75 | F56: 1647.75
B57: PNA22875 | C57: 09-02-2024 | D57: 366 | E57: 0.75 | F57: 274.5
B58: PNA22876 | C58: 12-02-2024 | D58: 367 | E58: 0.75 | F58: 275.25
B59: PNA22877 | C59: 12-01-2024 | D59: 2413 | E59: 0.75 | F59: 1809.75
... B82: PCA10551 | C82: 10-04-2024 | D82: -3 | E82: 0.75 | F82: -2.25
A83: Total for Item : EPR001 | B83: 37227 | C83: 0.75 | D83: 27920.25
A84: Item : FHG001 - Fred Hirsch Gussets MET PET/LLDPE 100mic
B85: PNA22807 | C85: 17-01-2024 | D85: 184 | E85: 76 | F85: 13984
B86: PNA22870 | C86: 06-02-2024 | D86: 298 | E86: 76 | F86: 22648
B87: PNA22875 | C87: 09-02-2024 | D87: 366 | E87: 76 | F87: 27816
B88: PNA22876 | C88: 12-02-2024 | D88: 367 | E88: 76 | F88: 27892
B89: PNA23075 | C89: 06-05-2024 | D89: 1411 | E89: 87.49 | F89: 123448.39
A90: Total for Item : FHG001 | B90: 2626 | C90: 82.173797 | D90: 215788.39
A91: Item : FHP001 - Freddy Hirsch 100mic Printed Back Panel
B92: PNA22807 | C92: 17-01-2024 | D92: 1497 | E92: 79.22 | F92: 118592.34
B93: PNA22808 | C93: 19-01-2024 | D93: 293 | E93: 79.22 | F93: 23211.46
B94: PNA22870 | C94: 06-02-2024 | D94: 856 | E94: 79.22 | F94: 67812.32
B95: PNA22871 | C95: 07-02-2024 | D95: 1967 | E95: 79.22 | F95: 155825.74
B96: PNA23075 | C96: 06-05-2024 | D96: 669 | E96: 89.89 | F96: 60136.41
B97: PNA23078 | C97: 10-05-2024 | D97: 1351 | E97: 89.89 | F97: 121441.39
B98: PNA23093 | C98: 13-05-2024 | D98: 895 | E98: 89.89 | F98: 80451.55
A99: Total for Item : FHP001 | B99: 7528 | C99: 83.351649 | D99: 627471.21
A100: Item : KP943 - Origination - Printing Plates / Cylinder
B101: PNA22766 | C101: 16-01-2024 | D101: 7 | E101: 8368 | F101: 58576
B102: PNA22766 | C102: 16-01-2024 | D102: 8 | E102: 8368 | F102: 66944
B103: PNA22766 | C103: 16-01-2024 | D103: 8 | E103: 8368 | F103: 66944
B104: PNA22827 | C104: 18-01-2024 | D104: 8 | E104: 4062 | F104: 32496
B105: PNA22827 | C105: 18-01-2024 | D105: 7 | E105: 4062 | F105: 28434
B106: PNA22827 | C106: 18-01-2024 | D106: 8 | E106: 4062 | F106: 32496
A107: Total for Item : KP943 | B107: 46 | C107: 6215 | D107: 285890
A108: Item : MOTHEX - Mothex Printed Reel Stock 924mm
B109: PNA23030 | C109: 05-04-2024 | D109: 1866 | E109: 85.71 | F109: 159934.86
B110: PNA23049 | C110: 10-04-2024 | D110: 573 | E110: 85.71 | F110: 49111.83
B111: PCA10551 | C111: 10-04-2024 | D111: -3 | E111: 85.71 | F111: -257.13
A112: Total for Item : MOTHEX | B112: 2436 | C112: 85.71 | D112: 208789.56
A113: Item : MOTHEX1 - Mothex 100g Printed Reel Stock 426mm
B114: PNA22848 | C114: 29-01-2024 | D114: 570 | E114: 109.53 | F114: 62432.1
A115: Total for Item : MOTHEX1 | B115: 570 | C115: 109.53 | D115: 62432.1
A116: Item : REN004 - Renew 500ml Print Stock - Original
B117: PNA23073 | C117: 29-04-2024 | D117: 1135 | E117: 109.61 | F117: 124407.35
A118: Total for Item : REN004 | B118: 1135 | C118: 109.61 | D118: 124407.35
A119: Item : REN005 - Renew 500ml Print Reel - Milk & Honey
B120: PNA22997 | C120: 20-03-2024 | D120: 551 | E120: 109.61 | F120: 60395.11
A121: Total for Item : REN005 | B121: 551 | C121: 109.61 | D121: 60395.11
A122: Item : REN006 - Renew 500ml Print Reel - Complete Care
B123: PNA22996 | C123: 20-03-2024 | D123: 578 | E123: 109.61 | F123: 63354.58
...

Sheet MTech - Usage 2023
A1: Total Sourced - 2023 | B1: =SUM(B21,B30,B42,B53,B65,B72,B147,B150,B153,B179,B204,B217,B224) -> 60832.5
A2: EPR Charged Quantity | B2: =-B144 -> -64061
A3: Export Material - 2023 | B3: 0
A4: Billable Quantity - | B4: =SUM(B1:B3) -> -3228.5
A6: Prepared by: Kangopak
A7: Purchase Items per Supplier : 01-01-2023 to 31-12-2023
B8: Doc No | C8: Date | D8: Qty | E8: Unit Cost | F8: Total
A9: Supplier : MTE001 - Mtech SA (Pty) Ltd
A10: Item : CNC001 - Crown National 110mic Front Pan Rev Prnt
B11: PNA22533 | C11: 08-09-2023 | D11: 108 | E11: 91.09 | F11: 9837.72
B12: PNA22534 | C12: 11-09-2023 | D12: 985 | E12: 91.09 | F12: 89723.65
B13: PNA22535 | C13: 13-09-2023 | D13: 134 | E13: 91.09 | F13: 12206.06
B14: PNA22542 | C14: 15-09-2023 | D14: 961 | E14: 91.09 | F14: 87537.49
B15: PNA22570 | C15: 22-09-2023 | D15: 138 | E15: 91.09 | F15: 12570.42
B16: PNA22572 | C16: 27-09-2023 | D16: 530 | E16: 91.09 | F16: 48277.7
B17: PNA22728 | C17: 28-11-2023 | D17: 1073 | E17: 90.08 | F17: 96655.84
B18: PNA22791 | C18: 07-12-2023 | D18: 807 | E18: 90.08 | F18: 72694.56
B19: PNA22792 | C19: 08-12-2023 | D19: 539 | E19: 90.08 | F19: 48553.12
B20: PNA22793 | C20: 13-12-2023 | D20: 1475 | E20: 90.08 | F20: 132868
A21: Total for Item : CNC001 | B21: 6750 | C21: 90.507342 | D21: 610924.56
A22: Item : CNG001 - Crown National 110mic Gussets
B23: PNA22533 | C23: 08-09-2023 | D23: 81 | E23: 76 | F23: 6156
B24: PNA22534 | C24: 11-09-2023 | D24: 63 | E24: 76 | F24: 4788
B25: PNA22536 | C25: 13-09-2023 | D25: 804 | E25: 76 | F25: 61104
B26: PNA22727 | C26: 28-11-2023 | D26: 380 | E26: 75.31 | F26: 28617.8
B27: PNA22791 | C27: 07-12-2023 | D27: 291 | E27: 75.31 | F27: 21915.21
B28: PNA22792 | C28: 08-12-2023 | D28: 195 | E28: 75.31 | F28: 14685.45
B29: PNA22793 | C29: 13-12-2023 | D29: 525 | E29: 75.31 | F29: 39537.75
A30: Total for Item : CNG001 | B30: 2339 | C30: 75.589658 | D30: 176804.21
A31: Item : CNP001 - Crown National 110mic Back Pan Rev Print
B32: PNA22533 | C32: 08-09-2023 | D32: 119 | E32: 39.95 | F32: 4754.05
B33: PNA22534 | C33: 11-09-2023 | D33: 1079 | E33: 39.95 | F33: 43106.05
B34: PNA22535 | C34: 13-09-2023 | D34: 135 | E34: 39.95 | F34: 5393.25
B35: PNA22542 | C35: 15-09-2023 | D35: 926 | E35: 39.95 | F35: 36993.7
B36: PNA22570 | C36: 22-09-2023 | D36: 135 | E36: 39.95 | F36: 5393.25
B37: PNA22572 | C37: 27-09-2023 | D37: 524 | E37: 39.95 | F37: 20933.8
B38: PNA22749 | C38: 28-11-2023 | D38: 1139 | E38: 93.58 | F38: 106587.62
B39: PNA22791 | C39: 07-12-2023 | D39: 887 | E39: 93.58 | F39: 83005.46
B40: PNA22792 | C40: 08-12-2023 | D40: 588 | E40: 93.58 | F40: 55025.04
B41: PNA22793 | C41: 13-12-2023 | D41: 1625 | E41: 93.58 | F41: 152067.5
A42: Total for Item : CNP001 | B42: 7157 | C42: 71.714366 | D42: 513259.72
A43: Item : DSB001 - D Spic Bck Pan 110x210x66mm 430mm 110mic
B44: PNA22107 | C44: 20-02-2023 | D44: 1189 | E44: 101.86 | F44: 121111.54
B45: PNA22222 | C45: 21-04-2023 | D45: 580 | E45: 101.86 | F45: 59078.8
B46: PNA22223 | C46: 24-04-2023 | D46: 707 | E46: 101.86 | F46: 72015.02
B47: PNA22342 | C47: 29-06-2023 | D47: 1143 | E47: 101.86 | F47: 116425.98
B48: PNA22554 | C48: 22-09-2023 | D48: 89 | E48: 101.86 | F48: 9065.54
B49: PNA22571 | C49: 26-09-2023 | D49: 1232 | E49: 101.86 | F49: 125491.52
B50: PNA22599 | C50: 13-10-2023 | D50: 1072 | E50: 101.86 | F50: 109193.92
B51: PNA22627 | C51: 16-10-2023 | D51: 688 | E51: 101.86 | F51: 70079.68
B52: PCA10530 | C52: 06-11-2023 | D52: -1232 | E52: 101.86 | F52: -125491.52
A53: Total for Item : DSB001 | B53: 5468 | C53: 101.86 | D53: 556970.48
A54: Item : DSF001 - D Spic Frt Pan 110x210x66mm 430mm 110mic
B55: PNA22104 | C55: 17-02-2023 | D55: 922 | E55: 101.3 | F55: 93398.6
B56: PNA22107 | C56: 20-02-2023 | D56: 254 | E56: 101.3 | F56: 25730.2
B57: PNA22214 | C57: 17-04-2023 | D57: 1179 | E57: 101.3 | F57: 119432.7
B58: PNA22340 | C58: 28-06-2023 | D58: 669 | E58: 101.3 | F58: 67769.7
B59: PNA22341 | C59: 29-06-2023 | D59: 391 | E59: 101.3 | F59: 39608.3
B60: PNA22554 | C60: 22-09-2023 | D60: 81 | E60: 101.3 | F60: 8205.3
B61: PNA22571 | C61: 26-09-2023 | D61: 1127 | E61: 101.3 | F61: 114165.1
B62: PNA22598 | C62: 13-10-2023 | D62: 1330 | E62: 101.3 | F62: 134729
B63: PNA22627 | C63: 16-10-2023 | D63: 62 | E63: 101.3 | F63: 6280.6
B64: PCA10530 | C64: 06-11-2023 | D64: -1208 | E64: 101.3 | F64: -122370.4
A65: Total for Item : DSF001 | B65: 4807 | C65: 101.3 | D65: 486949.1
A66: Item : DSG001 - D Spic Gussets 110x210x66mm 76mm 110mic
B67: PNA22215 | C67: 14-04-2023 | D67: 558 | E67: 86.49 | F67: 48261.42
B68: PNA22343 | C68: 29-06-2023 | D68: 284 | E68: 86.49 | F68: 24563.16
B69: PNA22554 | C69: 22-09-2023 | D69: 57 | E69: 86.49 | F69: 4929.93
B70: PNA22571 | C70: 26-09-2023 | D70: 407 | E70: 86.49 | F70: 35201.43
B71: PNA22573 | C71: 28-09-2023 | D71: 88 | E71: 86.49 | F71: 7611.12
A72: Total for Item : DSG001 | B72: 1394 | C72: 86.49 | D72: 120567.06
A73: Item : EPR001 - EPR Fees - Input Charge
B74: PNA22046 | C74: 27-01-2023 | D74: 1422 | E74: 0.75 | F74: 1066.5
B75: PNA22052 | C75: 31-01-2023 | D75: 223 | E75: 0.75 | F75: 167.25
B76: PNA22053 | C76: 30-01-2023 | D76: 2504 | E76: 0.75 | F76: 1878
B77: PNA22064 | C77: 30-01-2023 | D77: 2470 | E77: 0.75 | F77: 1852.5
B78: PNA22064 | C78: 30-01-2023 | D78: 33 | E78: 0.75 | F78: 24.75
B79: PNA22082 | C79: 03-02-2023 | D79: 598 | E79: 0.75 | F79: 448.5
B80: PNA22083 | C80: 03-02-2023 | D80: 1351 | E80: 0.75 | F80: 1013.25
B81: PNA22084 | C81: 06-01-2023 | D81: 45 | E81: 0.75 | F81: 33.75
B82: PNA22085 | C82: 06-02-2023 | D82: 644 | E82: 0.75 | F82: 483
B83: PNA22104 | C83: 17-02-2023 | D83: 922 | E83: 0.75 | F83: 691.5
B84: PNA22107 | C84: 20-02-2023 | D84: 1443 | E84: 0.75 | F84: 1082.25
B85: PNA22155 | C85: 16-03-2023 | D85: 681 | E85: 0.75 | F85: 510.75
... B143: PCA10498 | C143: 30-01-2023 | D143: -2504 | E143: 0.75 | F143: -1878
A144: Total for Item : EPR001 | B144: 64061 | C144: 0.75 | D144: 48045.75
A145: Item : FEM007 - Fermented Cherry Chillies Print 482mm
B146: PNA22434 | C146: 07-08-2023 | D146: 646 | E146: 117.85 | F146: 76131.1
A147: Total for Item : FEM007 | B147: 646 | C147: 117.85 | D147: 76131.1
A148: Item : FEM008 - Fermented Kalamata Olives Print 482mm
B149: PNA22688 | C149: 13-11-2023 | D149: 572 | E149: 117.25 | F149: 67067
A150: Total for Item : FEM008 | B150: 572 | C150: 117.25 | D150: 67067
A151: Item : FEM009 - Fermented Cocktail Gherkins Sw&So 482mm
B152: PNA22688 | C152: 13-11-2023 | D152: 590 | E152: 117.25 | F152: 69177.5
A153: Total for Item : FEM009 | B153: 590 | C153: 117.25 | D153: 69177.5
A154: Item : FHG001 - Fred Hirsch Gussets MET PET/LLDPE 100mic
B155: PNA22046 | C155: 27-01-2023 | D155: 371 | E155: 82.07 | F155: 30447.97
B156: PNA22052 | C156: 31-01-2023 | D156: 223 | E156: 87.31 | F156: 19470.13
B157: PNA22053 | C157: 30-01-2023 | D157: 33 | E157: 87.31 | F157: 2881.23
B158: PNA22062 | C158: 27-01-2023 | D158: 371 | E158: 87.31 | F158: 32392.01
...

Sheet MTech - Usage 2022
A1: Total Sourced - 2022 | B1: =SUM(B13,B16,B24,B33,B37,B45,B53,B62,B82,B86,B89,B92,B95,B98,B108,B120,B138,B141,B146,B151,B155) -> 70539
A2: EPR Charged Quantity | B2: =B79 -> 14181
A3: Export Material - 2022 | B3: 0
A4: Billable Quantity - | B4: =SUM(B1:B3) -> 84720
A6: Prepared by: Kangopak
A7: Purchase Items per Supplier : 01-01-2022 to 31-12-2022
B8: Doc No | C8: Date | D8: Qty | E8: Unit Cost | F8: Total
A9: Supplier : MTE001 - Mtech SA (Pty) Ltd
A10: Item : CLOV007 - Clover Print Reels Cheddar Elite 100mic
B11: PNA21615 | C11: 04-07-2022 | D11: 557 | E11: 109.63 | F11: 61063.91
B12: PNA21616 | C12: 05-07-2022 | D12: 508 | E12: 109.63 | F12: 55692.04
A13: Total for Item : CLOV007 | B13: 1065 | C13: 109.63 | D13: 116755.95
A14: Item : CLOV008 - Clover Print Reels Gouda Elite 100mic
B15: PNA21615 | C15: 04-07-2022 | D15: 1002 | E15: 109.63 | F15: 109849.26
A16: Total for Item : CLOV008 | B16: 1002 | C16: 109.63 | D16: 109849.26
A17: Item : CNC001 - Crown National 110mic Front Pan Rev Prnt
B18: PNA21510 | C18: 06-05-2022 | D18: 255 | E18: 78.05 | F18: 19902.75
B19: PNA21523 | C19: 11-05-2022 | D19: 1255 | E19: 78.05 | F19: 97952.75
B20: PNA21560 | C20: 18-05-2022 | D20: 4091 | E20: 78.05 | F20: 319302.55
B21: PNA21561 | C21: 16-05-2022 | D21: 4871 | E21: 78.05 | F21: 380181.55
B22: PNA21562 | C22: 11-05-2022 | D22: 1133 | E22: 78.05 | F22: 88430.65
B23: PCA10463 | C23: 11-05-2022 | D23: -1255 | E23: 78.05 | F23: -97952.75
A24: Total for Item : CNC001 | B24: 10350 | C24: 78.05 | D24: 807817.5
A25: Item : CNP001 - Crown National 110mic Back Pan Rev Print
B26: PNA21510 | C26: 06-05-2022 | D26: 270 | E26: 79.89 | F26: 21570.3
B27: PNA21523 | C27: 11-05-2022 | D27: 1133 | E27: 79.89 | F27: 90515.37
B28: PNA21524 | C28: 16-05-2022 | D28: 1344 | E28: 79.89 | F28: 107372.16
B29: PNA21558 | C29: 19-05-2022 | D29: 2721 | E29: 79.89 | F29: 217380.69
B30: PNA21559 | C30: 18-05-2022 | D30: 3769 | E30: 79.89 | F30: 301105.41
B31: PNA21562 | C31: 11-05-2022 | D31: 1255 | E31: 79.89 | F31: 100261.95
B32: PCA10463 | C32: 11-05-2022 | D32: -1133 | E32: 79.89 | F32: -90515.37
A33: Total for Item : CNP001 | B33: 9359 | C33: 79.89 | D33: 747690.51
A34: Item : CPU132 - 12mic Clear PET // 130mic Clear LLDPE
B35: PNA21297 | C35: 08-02-2022 | D35: 4092 | E35: 62.25 | F35: 254727
B36: PNA21314 | C36: 08-02-2022 | D36: 7249 | E36: 62.25 | F36: 451250.25
A37: Total for Item : CPU132 | B37: 11341 | C37: 62.25 | D37: 705977.25
A38: Item : DSB001 - D Spic Bck Pan 110x210x66mm 430mm 110mic
B39: PNA21652 | C39: 27-07-2022 | D39: 504 | E39: 101.87 | F39: 51342.48
B40: PNA21653 | C40: 28-07-2022 | D40: 635 | E40: 101.87 | F40: 64687.45
B41: PNA21730 | C41: 29-08-2022 | D41: 1087 | E41: 91.63 | F41: 99601.81
B42: PNA21731 | C42: 30-08-2022 | D42: 1204 | E42: 91.63 | F42: 110322.52
B43: PNA21875 | C43: 26-10-2022 | D43: 64 | E43: 86.49 | F43: 5535.36
B44: PNA21909 | C44: 08-11-2022 | D44: 1142 | E44: 101.86 | F44: 116324.12
A45: Total for Item : DSB001 | B45: 4636 | C45: 96.594853 | D45: 447813.74
A46: Item : DSF001 - D Spic Frt Pan 110x210x66mm 430mm 110mic
B47: PNA21652 | C47: 27-07-2022 | D47: 456 | E47: 101.3 | F47: 46192.8
B48: PNA21653 | C48: 28-07-2022 | D48: 594 | E48: 101.3 | F48: 60172.2
B49: PNA21729 | C49: 29-08-2022 | D49: 2056 | E49: 91.09 | F49: 187281.04
B50: PNA21731 | C50: 30-08-2022 | D50: 197 | E50: 91.09 | F50: 17944.73
B51: PNA21875 | C51: 26-10-2022 | D51: 72 | E51: 91.26 | F51: 6570.72
B52: PNA21909 | C52: 08-11-2022 | D52: 998 | E52: 101.3 | F52: 101097.4
A53: Total for Item : DSF001 | B53: 4373 | C53: 95.874432 | D53: 419258.89
A54: Item : DSG001 - D Spic Gussets 110x210x66mm 76mm 110mic
B55: PNA21652 | C55: 27-07-2022 | D55: 133 | E55: 86.49 | F55: 11503.17
B56: PNA21653 | C56: 28-07-2022 | D56: 229 | E56: 86.49 | F56: 19806.21
B57: PNA21730 | C57: 29-08-2022 | D57: 224 | E57: 85.23 | F57: 19091.52
B58: PNA21748 | C58: 14-09-2022 | D58: 320 | E58: 85.23 | F58: 27273.6
B59: PNA21751 | C59: 16-09-2022 | D59: 141 | E59: 85.23 | F59: 12017.43
B60: PNA21870 | C60: 25-10-2022 | D60: 344 | E60: 86.49 | F60: 29752.56
B61: PNA21895 | C61: 31-10-2022 | D61: 41 | E61: 86.49 | F61: 3546.09
A62: Total for Item : DSG001 | B62: 1432 | C62: 85.887277 | D62: 122990.58
A63: Item : EPR001 - EPR Fees - Input Charge
B64: PNA21866 | C64: 24-10-2022 | D64: 1304 | E64: 0.75 | F64: 978
B65: PNA21870 | C65: 25-10-2022 | D65: 344 | E65: 0.75 | F65: 258
B66: PNA21875 | C66: 26-10-2022 | D66: 72 | E66: 0.75 | F66: 54
B67: PNA21875 | C67: 26-10-2022 | D67: 64 | E67: 0.75 | F67: 48
B68: PNA21895 | C68: 31-10-2022 | D68: 41 | E68: 0.75 | F68: 30.75
B69: PNA21900 | C69: 31-10-2022 | D69: 635 | E69: 0.75 | F69: 476.25
B70: PNA21909 | C70: 08-11-2022 | D70: 2140 | E70: 0.75 | F70: 1605
B71: PNA21924 | C71: 16-11-2022 | D71: 663 | E71: 0.75 | F71: 497.25
B72: PNA21925 | C72: 16-11-2022 | D72: 2161 | E72: 0.75 | F72: 1620.75
B73: PNA21934 | C73: 17-11-2022 | D73: 1264 | E73: 0.75 | F73: 948
B74: PNA21951 | C74: 28-11-2022 | D74: 1249 | E74: 0.75 | F74: 936.75
B75: PNA21952 | C75: 28-11-2022 | D75: 2120 | E75: 0.75 | F75: 1590
... B78: PNA21981 | C78: 09-12-2022 | D78: 401 | E78: 0.75 | F78: 300.75
A79: Total for Item : EPR001 | B79: 14181 | C79: 0.75 | D79: 10635.75
A80: Item : FEM001 - Fermented Braai Slaai Print 482mm
B81: PNA21357 | C81: 08-03-2022 | D81: 558 | E81: 104.97 | F81: 58573.26
A82: Total for Item : FEM001 | B82: 558 | C82: 104.97 | D82: 58573.26
A83: Item : FEM002 - Fermented Crushed Garlic Print 482mm
B84: PNA21357 | C84: 08-03-2022 | D84: 569 | E84: 104.97 | F84: 59727.93
B85: PNA21900 | C85: 31-10-2022 | D85: 635 | E85: 117.85 | F85: 74834.75
A86: Total for Item : FEM002 | B86: 1204 | C86: 111.76302 | D86: 134562.68
A87: Item : FEM003 - Fermented Green Jalape Whole Print 482mm
B88: PNA21357 | C88: 08-03-2022 | D88: 597 | E88: 104.97 | F88: 62667.09
A89: Total for Item : FEM003 | B89: 597 | C89: 104.97 | D89: 62667.09
A90: Item : FEM004 - Fermented Green Jalap Sliced Print 482mm
B91: PNA21357 | C91: 08-03-2022 | D91: 662 | E91: 104.97 | F91: 69490.14
A92: Total for Item : FEM004 | B92: 662 | C92: 104.97 | D92: 69490.14
A93: Item : FEM005 - Fermented Jalapeno Sottolio Print 482mm
B94: PNA21357 | C94: 08-03-2022 | D94: 689 | E94: 104.97 | F94: 72324.33
A95: Total for Item : FEM005 | B95: 689 | C95: 104.97 | D95: 72324.33
A96: Item : FEM006 - Fermented Lalapino Nacho Print 482mm
B97: PNA21357 | C97: 08-03-2022 | D97: 621 | E97: 104.97 | F97: 65186.37
A98: Total for Item : FEM006 | B98: 621 | C98: 104.97 | D98: 65186.37
A99: Item : FHG001 - Fred Hirsch Gussets MET PET/LLDPE 100mic
B100: PNA21449 | C100: 06-04-2022 | D100: 216 | E100: 83.17 | F100: 17964.72
B101: PNA21457 | C101: 07-04-2022 | D101: 593 | E101: 83.17 | F101: 49319.81
B102: PNA21633 | C102: 22-07-2022 | D102: 579 | E102: 84.34 | F102: 48832.86
B103: PNA21651 | C103: 27-07-2022 | D103: 160 | E103: 84.34 | F103: 13494.4
...
